{
  "state": {
    "isStdOutTTY": true,
    "isStdErrTTY": true,
    "testRunDurationMs": 361717.5526
  },
  "metrics": {
    "http_req_receiving": {
      "type": "trend",
      "contains": "time",
      "values": {
        "p(90)": 14.30328,
        "p(95)": 15.861319999999997,
        "avg": 2.3779591878111304,
        "min": 0,
        "med": 0,
        "max": 29.6161
      }
    },
    "vus_max": {
      "type": "gauge",
      "contains": "default",
      "values": {
        "min": 50,
        "max": 50,
        "value": 50
      }
    },
    "http_req_duration{name:reports_list}": {
      "type": "trend",
      "contains": "time",
      "values": {
        "max": 535.3393,
        "p(90)": 13.449830000000002,
        "p(95)": 16.261239999999997,
        "avg": 6.200119344086024,
        "min": 1.0585,
        "med": 3.7112499999999997
      },
      "thresholds": {
        "p(95)<300": {
          "ok": true
        }
      }
    },
    "http_req_sending": {
      "type": "trend",
      "contains": "time",
      "values": {
        "p(90)": 0,
        "p(95)": 0,
        "avg": 0.011576685882014739,
        "min": 0,
        "med": 0,
        "max": 1.6478
      }
    },
    "http_req_duration{name:contract_detail}": {
      "values": {
        "avg": 8.418193493924054,
        "min": 1.5105,
        "med": 4.9939,
        "max": 154.1254,
        "p(90)": 16.372780000000013,
        "p(95)": 21.801160000000003
      },
      "thresholds": {
        "p(95)<300": {
          "ok": true
        }
      },
      "type": "trend",
      "contains": "time"
    },
    "data_received": {
      "type": "counter",
      "contains": "data",
      "values": {
        "count": 21208910231,
        "rate": 58633898.40651046
      }
    },
    "http_req_duration{name:registry_list}": {
      "values": {
        "p(95)": 18.01237,
        "avg": 8.246131960425874,
        "min": 1.0369,
        "med": 5.73,
        "max": 145.3888,
        "p(90)": 14.939620000000003
      },
      "thresholds": {
        "p(95)<300": {
          "ok": true
        }
      },
      "type": "trend",
      "contains": "time"
    },
    "vus": {
      "type": "gauge",
      "contains": "default",
      "values": {
        "value": 0,
        "min": 0,
        "max": 18
      }
    },
    "checks": {
      "type": "rate",
      "contains": "default",
      "values": {
        "rate": 0.9908841745029452,
        "passes": 65437,
        "fails": 602
      },
      "thresholds": {
        "rate>0.95": {
          "ok": true
        }
      }
    },
    "http_req_waiting": {
      "values": {
        "med": 3.7694,
        "max": 833.6809,
        "p(90)": 27.639360000000003,
        "p(95)": 31.2141,
        "avg": 9.446227187447983,
        "min": 0
      },
      "type": "trend",
      "contains": "time"
    },
    "http_req_duration": {
      "thresholds": {
        "p(95)<600": {
          "ok": true
        }
      },
      "type": "trend",
      "contains": "time",
      "values": {
        "med": 4.2013,
        "max": 862.0903,
        "p(90)": 41.84288000000001,
        "p(95)": 46.441739999999996,
        "avg": 11.835763061141074,
        "min": 0
      }
    },
    "iterations": {
      "type": "counter",
      "contains": "default",
      "values": {
        "count": 9299,
        "rate": 25.707903675559702
      }
    },
    "http_reqs": {
      "type": "counter",
      "contains": "default",
      "values": {
        "count": 66093,
        "rate": 182.71991371424537
      }
    },
    "http_req_duration{expected_response:true}": {
      "type": "trend",
      "contains": "time",
      "values": {
        "p(90)": 41.9244,
        "p(95)": 46.45185,
        "avg": 11.705223050495439,
        "min": 0,
        "med": 4.1906,
        "max": 862.0903
      }
    },
    "http_req_tls_handshaking": {
      "values": {
        "avg": 0,
        "min": 0,
        "med": 0,
        "max": 0,
        "p(90)": 0,
        "p(95)": 0
      },
      "type": "trend",
      "contains": "time"
    },
    "http_req_duration{name:diagnosis_result}": {
      "type": "trend",
      "contains": "time",
      "values": {
        "max": 92.8788,
        "p(90)": 8.866200000000001,
        "p(95)": 13.559610000000006,
        "avg": 3.7587938057855683,
        "min": 0,
        "med": 2.1149
      },
      "thresholds": {
        "p(95)<300": {
          "ok": true
        }
      }
    },
    "http_req_duration{name:reports_detail}": {
      "type": "trend",
      "contains": "time",
      "values": {
        "avg": 6.960168684804819,
        "min": 1.4771,
        "med": 3.8862,
        "max": 155.1475,
        "p(90)": 15.425900000000002,
        "p(95)": 20.212680000000002
      },
      "thresholds": {
        "p(95)<300": {
          "ok": true
        }
      }
    },
    "http_req_blocked": {
      "contains": "time",
      "values": {
        "p(90)": 0,
        "p(95)": 0,
        "avg": 0.011423622773970018,
        "min": 0,
        "med": 0,
        "max": 3.793
      },
      "type": "trend"
    },
    "http_req_connecting": {
      "type": "trend",
      "contains": "time",
      "values": {
        "p(90)": 0,
        "p(95)": 0,
        "avg": 0.008016172665789117,
        "min": 0,
        "med": 0,
        "max": 1.7309
      }
    },
    "http_req_duration{name:checklist_save}": {
      "type": "trend",
      "contains": "time",
      "values": {
        "min": 2.5267,
        "med": 21.2365,
        "max": 129.6151,
        "p(90)": 28.484099999999998,
        "p(95)": 32.744475,
        "avg": 18.00435845665963
      },
      "thresholds": {
        "p(95)<400": {
          "ok": true
        }
      }
    },
    "http_req_duration{name:contract_list}": {
      "contains": "time",
      "values": {
        "avg": 45.38884530107513,
        "min": 30.9713,
        "med": 44.2532,
        "max": 862.0903,
        "p(90)": 52.8529,
        "p(95)": 59.02232999999999
      },
      "thresholds": {
        "p(95)<300": {
          "ok": true
        }
      },
      "type": "trend"
    },
    "data_sent": {
      "type": "counter",
      "contains": "data",
      "values": {
        "count": 22794361,
        "rate": 63017.01655381598
      }
    },
    "iteration_duration": {
      "type": "trend",
      "contains": "time",
      "values": {
        "p(90)": 126.05028,
        "p(95)": 143.76127,
        "avg": 96.34213605764045,
        "min": 63.0879,
        "med": 87.0392,
        "max": 577.0809
      }
    },
    "http_req_duration{name:safety_result}": {
      "contains": "time",
      "values": {
        "med": 2.0974,
        "max": 126.0573,
        "p(90)": 3.642780000000002,
        "p(95)": 11.178060000000002,
        "avg": 3.2921391870093593,
        "min": 0.5032
      },
      "thresholds": {
        "p(95)<300": {
          "ok": true
        }
      },
      "type": "trend"
    },
    "http_req_failed": {
      "contains": "default",
      "values": {
        "rate": 0.009108377589154676,
        "passes": 602,
        "fails": 65491
      },
      "type": "rate"
    }
  },
  "setup_data": {
    "hotContractIds": [
      9711
    ],
    "hotRegistryIds": [
      502
    ],
    "hotReportIds": [
      162
    ]
  },
  "testedAt": "11/14/2025, 19:18:11",
  "root_group": {
    "checks": [
      {
        "id": "cd645c027cca73b904f33ced994e19a7",
        "passes": 9299,
        "fails": 0,
        "name": "GET /api/registry/user/{id} 200",
        "path": "::GET /api/registry/user/{id} 200"
      },
      {
        "passes": 9299,
        "fails": 0,
        "name": "GET /api/reports/list 200",
        "path": "::GET /api/reports/list 200",
        "id": "8401132c2a2436cf286752d9e8a8feae"
      },
      {
        "name": "GET /api/reports/{id} 200",
        "path": "::GET /api/reports/{id} 200",
        "id": "109614c97c6043d7b4d751efcf602f0c",
        "passes": 9299,