{
  "state": {
    "isStdOutTTY": true,
    "isStdErrTTY": true,
    "testRunDurationMs": 366357.8757
  },
  "metrics": {
    "http_reqs": {
      "type": "counter",
      "contains": "default",
      "values": {
        "count": 30767,
        "rate": 83.98072497066833
      }
    },
    "http_req_tls_handshaking": {
      "type": "trend",
      "contains": "time",
      "values": {
        "p(90)": 0,
        "p(95)": 0,
        "avg": 0,
        "min": 0,
        "med": 0,
        "max": 0
      }
    },
    "vus": {
      "type": "gauge",
      "contains": "default",
      "values": {
        "min": 34,
        "max": 400,
        "value": 150
      }
    },
    "http_req_connecting": {
      "type": "trend",
      "contains": "time",
      "values": {
        "p(95)": 0,
        "avg": 0.006259791334871782,
        "min": 0,
        "med": 0,
        "max": 1.5426,
        "p(90)": 0
      }
    },
    "data_sent": {
      "type": "counter",
      "contains": "data",
      "values": {
        "rate": 28692.092342536747,
        "count": 10511574
      }
    },
    "iteration_duration": {
      "type": "trend",
      "contains": "time",
      "values": {
        "min": 5532.1699,
        "med": 29051.7698,
        "max": 46746.8802,
        "p(90)": 33285.914659999995,
        "p(95)": 34938.72834,
        "avg": 28848.22236505517
      }
    },
    "checks": {
      "values": {
        "passes": 30201,
        "fails": 162,
        "rate": 0.9946645588380595
      },
      "thresholds": {
        "rate>0.95": {
          "ok": true
        }
      },
      "type": "rate",
      "contains": "default"
    },
    "http_req_duration{name:reports_detail}": {
      "type": "trend",
      "contains": "time",
      "values": {
        "med": 6345.1184,
        "max": 16751.7241,
        "p(90)": 9102.311120000004,
        "p(95)": 9914.465760000003,
        "avg": 6427.476632577734,
        "min": 64.4685
      },
      "thresholds": {
        "p(95)<300": {
          "ok": false
        }
      }
    },
    "http_req_failed": {
      "contains": "default",
      "values": {
        "rate": 0.005265381740176163,
        "passes": 162,
        "fails": 30605
      },
      "type": "rate"
    },
    "http_req_duration{name:reports_list}": {
      "values": {
        "med": 4483.572399999999,
        "max": 14435.5062,
        "p(90)": 6477.732550000001,
        "p(95)": 7107.1669,
        "avg": 4501.885983714397,
        "min": 27.2336
      },
      "thresholds": {
        "p(95)<300": {
          "ok": false
        }
      },
      "type": "trend",
      "contains": "time"
    },
    "iterations": {
      "type": "counter",
      "contains": "default",
      "values": {
        "count": 4985,
        "rate": 13.606913705554057
      }
    },
    "http_req_duration{name:diagnosis_result}": {
      "type": "trend",
      "contains": "time",
      "values": {
        "avg": 4229.983300120353,
        "min": 118.4298,
        "med": 4193.8154,
        "max": 12262.3663,
        "p(90)": 6247.47414,
        "p(95)": 6886.922780000001
      },
      "thresholds": {
        "p(95)<300": {
          "ok": false
        }
      }
    },
    "http_req_duration{name:checklist_save}": {
      "type": "trend",
      "contains": "time",
      "values": {
        "max": 8510.8373,
        "p(90)": 5347.1367,
        "p(95)": 5881.0306,
        "avg": 3738.0768891832217,
        "min": 128.5671,
        "med": 3623.8924
      },
      "thresholds": {
        "p(95)<300": {
          "ok": false
        }
      }
    },
    "http_req_waiting": {
      "values": {
        "avg": 4672.031126616166,
        "min": 0.5026,
        "med": 4537.3599,
        "max": 16751.7241,
        "p(90)": 7209.506940000001,
        "p(95)": 8267.523099999997
      },
      "type": "trend",
      "contains": "time"
    },
    "http_req_duration{name:contract_detail}": {
      "type": "trend",
      "contains": "time",
      "values": {
        "avg": 5560.099401344008,
        "min": 60.5559,
        "med": 5493.331,
        "max": 16635.9676,
        "p(90)": 8163.545960000002,
        "p(95)": 8906.40622
      },
      "thresholds": {
        "p(95)<300": {
          "ok": false
        }
      }
    },
    "dropped_iterations": {
      "type": "counter",
      "contains": "default",
      "values": {
        "count": 56514,
        "rate": 154.25900123484092
      }
    },
    "http_req_duration": {
      "type": "trend",
      "contains": "time",
      "values": {
        "p(90)": 7209.88108,
        "p(95)": 8268.313259999999,
        "avg": 4672.333432200032,
        "min": 0.5031,
        "med": 4537.522,
        "max": 16751.7241
      },
      "thresholds": {
        "p(95)<500": {
          "ok": false
        }
      }
    },
    "http_req_duration{name:contract_list}": {
      "type": "trend",
      "contains": "time",
      "values": {
        "avg": 3806.538734456494,
        "min": 3.0891,
        "med": 3663.5582999999997,
        "max": 11290.5979,
        "p(90)": 5643.62405,
        "p(95)": 6193.514625
      },
      "thresholds": {
        "p(95)<300": {
          "ok": false
        }
      }
    },
    "http_req_duration{expected_response:true}": {
      "type": "trend",
      "contains": "time",
      "values": {
        "max": 16751.7241,
        "p(90)": 7216.031100000002,
        "p(95)": 8273.46776,
        "avg": 4676.296243855528,
        "min": 0.5031,
        "med": 4539.898
      }
    },
    "http_req_receiving": {
      "type": "trend",
      "contains": "time",
      "values": {
        "p(95)": 1.0053,
        "avg": 0.29579764357916105,
        "min": 0,
        "med": 0,
        "max": 3.8628,
        "p(90)": 0.9221
      }
    },
    "http_req_duration{name:safety_result}": {
      "type": "trend",
      "contains": "time",
      "values": {
        "med": 3830.3574,
        "max": 11907.5424,
        "p(90)": 5826.3904,
        "p(95)": 6548.38036,
        "avg": 3895.4348160280815,
        "min": 25.1706
      },
      "thresholds": {
        "p(95)<300": {
          "ok": false
        }
      }
    },
    "data_received": {
      "type": "counter",
      "contains": "data",
      "values": {
        "count": 347762799,
        "rate": 949243.40942727
      }
    },
    "vus_max": {
      "contains": "default",
      "values": {
        "value": 400,
        "min": 200,
        "max": 400
      },
      "type": "gauge"
    },
    "http_req_blocked": {
      "values": {
        "p(95)": 0,
        "avg": 0.00838567946176098,
        "min": 0,
        "med": 0,
        "max": 2.914,
        "p(90)": 0
      },
      "type": "trend",
      "contains": "time"
    },
    "http_req_sending": {
      "contains": "time",
      "values": {
        "max": 1.5152,
        "p(90)": 0,
        "p(95)": 0,
        "avg": 0.006507940325673609,
        "min": 0,
        "med": 0
      },
      "type": "trend"
    }
  },